{"cameraMode":{"drawMode":0,"name":"Shaded","section":"Shading Mode"},"sceneLighting":true,"audioPlay":false,"sceneViewState":{"showFog":false,"showMaterialUpdate":false,"showSkybox":false,"showFlares":false,"showImageEffects":false,"showParticleSystems":false},"in2DMode":false,"pivot":{"x":1.3666163682937623,"y":0.000003814697265625,"z":-0.33393794298171999},"rotation":{"x":-0.40281492471694949,"y":0.4738564193248749,"z":-0.2581915855407715,"w":-0.7392817139625549},"size":14.095296859741211,"orthographic":true}